{"cameraMode":{"drawMode":0,"name":"Shaded","section":"Shading Mode"},"sceneLighting":true,"audioPlay":false,"sceneViewState":{"m_AlwaysRefresh":false,"showFog":true,"showSkybox":true,"showFlares":true,"showImageEffects":true,"showParticleSystems":true,"showVisualEffectGraphs":true,"m_FxEnabled":true},"in2DMode":false,"pivot":{"x":1.5364322662353516,"y":0.9680200815200806,"z":-1.0946651697158814},"rotation":{"x":-0.2671225070953369,"y":-0.08541391044855118,"z":0.023774737492203714,"w":-0.959582507610321},"size":4.097783088684082,"orthographic":false}